{
  "train_accuracy": 0.70525,
  "test_accuracy": 0.6560909090909091,
  "classification_report": "              precision    recall  f1-score   support\n\n        real       0.81      0.81      0.81      1000\n      ProGAN       0.56      0.68      0.61      1000\n      MMDGAN       0.58      0.46      0.51      1000\n     pProGAN       0.73      0.76      0.74      1000\n    StyleGAN       0.80      0.76      0.78      1000\n  VanillaVAE       0.63      0.78      0.70      1000\n     BetaVAE       0.71      0.55      0.62      1000\n         ADM       0.57      0.64      0.60      1000\n        DDPM       0.59      0.49      0.54      1000\n       SD1.5       0.64      0.77      0.70      1000\n       SD2.1       0.63      0.53      0.57      1000\n\n    accuracy                           0.66     11000\n   macro avg       0.66      0.66      0.65     11000\nweighted avg       0.66      0.66      0.65     11000\n"
}